geo_type,name,alternative_name,region,country,date,driving,walking,transit
country/region,Italy,Italia,<undefined>,<undefined>,2020-01-13,100,100,100
country/region,Italy,Italia,<undefined>,<undefined>,2020-01-14,102.63,102.1,100.82
country/region,Italy,Italia,<undefined>,<undefined>,2020-01-15,105.41,104.86,100.4
country/region,Italy,Italia,<undefined>,<undefined>,2020-01-16,106.18,107.32,99.52
country/region,Italy,Italia,<undefined>,<undefined>,2020-01-17,114.69,122.71,107.35
country/region,Italy,Italia,<undefined>,<undefined>,2020-01-18,127.45,142.38,113.33
country/region,Italy,Italia,<undefined>,<undefined>,2020-01-19,110.65,109.49,108.25
country/region,Italy,Italia,<undefined>,<undefined>,2020-01-20,102.59,99.19,102.14
country/region,Italy,Italia,<undefined>,<undefined>,2020-01-21,103.94,102.26,99.04
country/region,Italy,Italia,<undefined>,<undefined>,2020-01-22,106.67,105.19,100.05
country/region,Italy,Italia,<undefined>,<undefined>,2020-01-23,107.02,109.44,102.72
country/region,Italy,Italia,<undefined>,<undefined>,2020-01-24,119.01,126.34,107.54
country/region,Italy,Italia,<undefined>,<undefined>,2020-01-25,126.85,150.68,116.79
country/region,Italy,Italia,<undefined>,<undefined>,2020-01-26,109.51,111.59,110.36
country/region,Italy,Italia,<undefined>,<undefined>,2020-01-27,99.61,101.22,101.6
country/region,Italy,Italia,<undefined>,<undefined>,2020-01-28,102.59,104.22,101.95
country/region,Italy,Italia,<undefined>,<undefined>,2020-01-29,104.68,109.74,102.49
country/region,Italy,Italia,<undefined>,<undefined>,2020-01-30,105.67,110.64,100.8
country/region,Italy,Italia,<undefined>,<undefined>,2020-01-31,114.35,127.71,101.93
country/region,Italy,Italia,<undefined>,<undefined>,2020-02-01,125.55,149.16,107.43
country/region,Italy,Italia,<undefined>,<undefined>,2020-02-02,111.41,118.22,106.2
country/region,Italy,Italia,<undefined>,<undefined>,2020-02-03,100.52,108.19,98.79
country/region,Italy,Italia,<undefined>,<undefined>,2020-02-04,101.89,108.79,99.71
country/region,Italy,Italia,<undefined>,<undefined>,2020-02-05,103.77,108.09,98.91
country/region,Italy,Italia,<undefined>,<undefined>,2020-02-06,105.58,111.82,103.67
country/region,Italy,Italia,<undefined>,<undefined>,2020-02-07,119.19,131.64,114.12
country/region,Italy,Italia,<undefined>,<undefined>,2020-02-08,129.46,160.32,117.08
country/region,Italy,Italia,<undefined>,<undefined>,2020-02-09,117.1,118.67,113.16
country/region,Italy,Italia,<undefined>,<undefined>,2020-02-10,104.55,108.86,108.57
country/region,Italy,Italia,<undefined>,<undefined>,2020-02-11,108.02,117.98,109.4
country/region,Italy,Italia,<undefined>,<undefined>,2020-02-12,112.5,122.37,110.36
country/region,Italy,Italia,<undefined>,<undefined>,2020-02-13,116.51,132.34,117.55
country/region,Italy,Italia,<undefined>,<undefined>,2020-02-14,139.93,170.85,127.08
country/region,Italy,Italia,<undefined>,<undefined>,2020-02-15,145.29,194.34,130.72
country/region,Italy,Italia,<undefined>,<undefined>,2020-02-16,132.32,144.17,125.6
country/region,Italy,Italia,<undefined>,<undefined>,2020-02-17,110.43,123.94,119.01
country/region,Italy,Italia,<undefined>,<undefined>,2020-02-18,112.72,131.03,118
country/region,Italy,Italia,<undefined>,<undefined>,2020-02-19,118.28,132.99,120.44
country/region,Italy,Italia,<undefined>,<undefined>,2020-02-20,120.67,142.68,124.06
country/region,Italy,Italia,<undefined>,<undefined>,2020-02-21,135.58,158.11,126.36
country/region,Italy,Italia,<undefined>,<undefined>,2020-02-22,139.43,181.74,126.83
country/region,Italy,Italia,<undefined>,<undefined>,2020-02-23,114.78,129.3,113.18
country/region,Italy,Italia,<undefined>,<undefined>,2020-02-24,98.2,107.66,96.25
country/region,Italy,Italia,<undefined>,<undefined>,2020-02-25,92.5,94.26,81.28
country/region,Italy,Italia,<undefined>,<undefined>,2020-02-26,89.15,82.94,74.29
country/region,Italy,Italia,<undefined>,<undefined>,2020-02-27,90.16,83.27,74.11
country/region,Italy,Italia,<undefined>,<undefined>,2020-02-28,97.78,92.59,76.73
country/region,Italy,Italia,<undefined>,<undefined>,2020-02-29,100.27,100.06,76.34
country/region,Italy,Italia,<undefined>,<undefined>,2020-03-01,83.48,65.47,69.12
country/region,Italy,Italia,<undefined>,<undefined>,2020-03-02,81.65,63.94,67.14
country/region,Italy,Italia,<undefined>,<undefined>,2020-03-03,85.76,70.14,65.83
country/region,Italy,Italia,<undefined>,<undefined>,2020-03-04,84.99,71.71,61.44
country/region,Italy,Italia,<undefined>,<undefined>,2020-03-05,82.37,66.63,59.45
country/region,Italy,Italia,<undefined>,<undefined>,2020-03-06,84.73,71.88,57.32
country/region,Italy,Italia,<undefined>,<undefined>,2020-03-07,84.19,76,52
country/region,Italy,Italia,<undefined>,<undefined>,2020-03-08,68.71,51.9,46.69
country/region,Italy,Italia,<undefined>,<undefined>,2020-03-09,54.84,39.86,37.69
country/region,Italy,Italia,<undefined>,<undefined>,2020-03-10,37.32,29.4,23.02
country/region,Italy,Italia,<undefined>,<undefined>,2020-03-11,30.97,27.09,19
country/region,Italy,Italia,<undefined>,<undefined>,2020-03-12,23.12,18.21,13.06
country/region,Italy,Italia,<undefined>,<undefined>,2020-03-13,21.55,18.09,11.93
country/region,Italy,Italia,<undefined>,<undefined>,2020-03-14,16.85,16.08,10.96
country/region,Italy,Italia,<undefined>,<undefined>,2020-03-15,15.92,15.86,11.13
country/region,Italy,Italia,<undefined>,<undefined>,2020-03-16,19.58,15.68,10.88
country/region,Italy,Italia,<undefined>,<undefined>,2020-03-17,19.4,15.33,10.76
country/region,Italy,Italia,<undefined>,<undefined>,2020-03-18,19.1,15.07,10.22
country/region,Italy,Italia,<undefined>,<undefined>,2020-03-19,19.82,15.84,10.35
country/region,Italy,Italia,<undefined>,<undefined>,2020-03-20,19.94,17.33,10.17
country/region,Italy,Italia,<undefined>,<undefined>,2020-03-21,16.88,16.08,9.51
country/region,Italy,Italia,<undefined>,<undefined>,2020-03-22,13.22,11.41,9.23
country/region,Italy,Italia,<undefined>,<undefined>,2020-03-23,17.28,13.05,9.7
country/region,Italy,Italia,<undefined>,<undefined>,2020-03-24,17.79,13.67,9.29
country/region,Italy,Italia,<undefined>,<undefined>,2020-03-25,17.69,12.87,9.31
country/region,Italy,Italia,<undefined>,<undefined>,2020-03-26,17.16,12.67,8.86
country/region,Italy,Italia,<undefined>,<undefined>,2020-03-27,17.89,14.16,8.43
country/region,Italy,Italia,<undefined>,<undefined>,2020-03-28,16.53,14.86,8.59
country/region,Italy,Italia,<undefined>,<undefined>,2020-03-29,13.89,10.97,9.18
country/region,Italy,Italia,<undefined>,<undefined>,2020-03-30,17.83,12.89,9.5
country/region,Italy,Italia,<undefined>,<undefined>,2020-03-31,18.85,13.93,9.76
country/region,Italy,Italia,<undefined>,<undefined>,2020-04-01,18.92,14.45,9.22
country/region,Italy,Italia,<undefined>,<undefined>,2020-04-02,19.69,14.92,9.61
country/region,Italy,Italia,<undefined>,<undefined>,2020-04-03,20.08,16.03,8.57
country/region,Italy,Italia,<undefined>,<undefined>,2020-04-04,18.14,16.48,8.58
country/region,Italy,Italia,<undefined>,<undefined>,2020-04-05,15.64,13.05,9.25
country/region,Italy,Italia,<undefined>,<undefined>,2020-04-06,19.96,14.64,9.68
country/region,Italy,Italia,<undefined>,<undefined>,2020-04-07,21.51,16.42,11.43
country/region,Italy,Italia,<undefined>,<undefined>,2020-04-08,23.02,17.47,10.18
country/region,Italy,Italia,<undefined>,<undefined>,2020-04-09,23.97,19.14,10.3
country/region,Italy,Italia,<undefined>,<undefined>,2020-04-10,25.06,21.25,10.05
country/region,Italy,Italia,<undefined>,<undefined>,2020-04-11,22,20.58,9.27
country/region,Italy,Italia,<undefined>,<undefined>,2020-04-12,12.66,11.43,8.71
country/region,Italy,Italia,<undefined>,<undefined>,2020-04-13,15.13,12.05,10.25
country/region,Italy,Italia,<undefined>,<undefined>,2020-04-14,21.84,15.41,11.23
country/region,Italy,Italia,<undefined>,<undefined>,2020-04-15,23.68,17.06,11.32
country/region,Italy,Italia,<undefined>,<undefined>,2020-04-16,24.21,17.77,11.2
country/region,Italy,Italia,<undefined>,<undefined>,2020-04-17,24.65,18.86,11.22
country/region,Italy,Italia,<undefined>,<undefined>,2020-04-18,22.42,19.21,10.6
country/region,Italy,Italia,<undefined>,<undefined>,2020-04-19,19.4,15.37,11.38
country/region,Italy,Italia,<undefined>,<undefined>,2020-04-20,22.62,14.46,12.05
country/region,Italy,Italia,<undefined>,<undefined>,2020-04-21,24.26,16.56,11.96
country/region,Italy,Italia,<undefined>,<undefined>,2020-04-22,25.1,17.21,12.25
country/region,Italy,Italia,<undefined>,<undefined>,2020-04-23,26.26,18.54,11.41
country/region,Italy,Italia,<undefined>,<undefined>,2020-04-24,27.09,20.51,11.36
country/region,Italy,Italia,<undefined>,<undefined>,2020-04-25,21.75,19.33,10.93
country/region,Italy,Italia,<undefined>,<undefined>,2020-04-26,22.82,20.11,13.16
country/region,Italy,Italia,<undefined>,<undefined>,2020-04-27,26.3,19.86,13.35
country/region,Italy,Italia,<undefined>,<undefined>,2020-04-28,27.48,18.61,12.98
country/region,Italy,Italia,<undefined>,<undefined>,2020-04-29,28.7,20.08,13.31
country/region,Italy,Italia,<undefined>,<undefined>,2020-04-30,28.34,21.15,13.21
country/region,Italy,Italia,<undefined>,<undefined>,2020-05-01,22.26,19.86,13.1
country/region,Italy,Italia,<undefined>,<undefined>,2020-05-02,26.67,24.94,13.96
country/region,Italy,Italia,<undefined>,<undefined>,2020-05-03,28.53,25.42,17.69
country/region,Italy,Italia,<undefined>,<undefined>,2020-05-04,43.63,34.51,20.52
country/region,Italy,Italia,<undefined>,<undefined>,2020-05-05,44.31,34.45,21.63
country/region,Italy,Italia,<undefined>,<undefined>,2020-05-06,45.04,34.86,21
country/region,Italy,Italia,<undefined>,<undefined>,2020-05-07,45.91,36.22,21.18
country/region,Italy,Italia,<undefined>,<undefined>,2020-05-08,47.45,38.28,21.48
country/region,Italy,Italia,<undefined>,<undefined>,2020-05-09,43.9,42.35,21.79
country/region,Italy,Italia,<undefined>,<undefined>,2020-05-10,39.72,34.23,21.56
country/region,Italy,Italia,<undefined>,<undefined>,2020-05-11,<undefined>,<undefined>,<undefined>
country/region,Italy,Italia,<undefined>,<undefined>,2020-05-12,<undefined>,<undefined>,<undefined>
country/region,Italy,Italia,<undefined>,<undefined>,2020-05-13,47.23,30.8,20.1
country/region,Italy,Italia,<undefined>,<undefined>,2020-05-14,48.9,35.04,20.93
country/region,Italy,Italia,<undefined>,<undefined>,2020-05-15,49.59,34.84,20.55
country/region,Italy,Italia,<undefined>,<undefined>,2020-05-16,46.15,37.25,21.57
country/region,Italy,Italia,<undefined>,<undefined>,2020-05-17,46.84,37.99,25.92
country/region,Italy,Italia,<undefined>,<undefined>,2020-05-18,59.52,40.36,26.67
country/region,Italy,Italia,<undefined>,<undefined>,2020-05-19,60.08,39.54,26
country/region,Italy,Italia,<undefined>,<undefined>,2020-05-20,63.26,42.65,27.17
country/region,Italy,Italia,<undefined>,<undefined>,2020-05-21,67.38,46.43,28.73
country/region,Italy,Italia,<undefined>,<undefined>,2020-05-22,71.32,49.45,28.41
country/region,Italy,Italia,<undefined>,<undefined>,2020-05-23,75.06,53.83,30.02
country/region,Italy,Italia,<undefined>,<undefined>,2020-05-24,73.59,48.04,31.71
country/region,Italy,Italia,<undefined>,<undefined>,2020-05-25,67.43,45.13,32.26
country/region,Italy,Italia,<undefined>,<undefined>,2020-05-26,70.24,46.35,31.21
country/region,Italy,Italia,<undefined>,<undefined>,2020-05-27,72.31,48.22,31.19
country/region,Italy,Italia,<undefined>,<undefined>,2020-05-28,73.3,47.96,30.82
country/region,Italy,Italia,<undefined>,<undefined>,2020-05-29,76.91,48.79,29.44
country/region,Italy,Italia,<undefined>,<undefined>,2020-05-30,83.23,58.87,31.77
country/region,Italy,Italia,<undefined>,<undefined>,2020-05-31,82.99,54.05,34.43
country/region,Italy,Italia,<undefined>,<undefined>,2020-06-01,88.54,59.08,37.59
country/region,Italy,Italia,<undefined>,<undefined>,2020-06-02,102.93,59.11,38.91
country/region,Italy,Italia,<undefined>,<undefined>,2020-06-03,86.08,52.58,38.68
country/region,Italy,Italia,<undefined>,<undefined>,2020-06-04,84.73,49.06,36.89
country/region,Italy,Italia,<undefined>,<undefined>,2020-06-05,96.16,61.23,40.07
country/region,Italy,Italia,<undefined>,<undefined>,2020-06-06,103.88,74.85,42.99
country/region,Italy,Italia,<undefined>,<undefined>,2020-06-07,91.62,49.72,40.9
country/region,Italy,Italia,<undefined>,<undefined>,2020-06-08,85.54,53.27,42.38
country/region,Italy,Italia,<undefined>,<undefined>,2020-06-09,91.03,59.4,44.74
country/region,Italy,Italia,<undefined>,<undefined>,2020-06-10,92.61,58.8,43.48
country/region,Italy,Italia,<undefined>,<undefined>,2020-06-11,96.06,60.82,42.42
country/region,Italy,Italia,<undefined>,<undefined>,2020-06-12,107.81,73.74,46.23
country/region,Italy,Italia,<undefined>,<undefined>,2020-06-13,110.15,76.82,43.82
country/region,Italy,Italia,<undefined>,<undefined>,2020-06-14,114.33,65.16,47.66
country/region,Italy,Italia,<undefined>,<undefined>,2020-06-15,97.67,62.58,48.74
country/region,Italy,Italia,<undefined>,<undefined>,2020-06-16,99.24,66.03,49.23
country/region,Italy,Italia,<undefined>,<undefined>,2020-06-17,102.06,66.41,47.9
country/region,Italy,Italia,<undefined>,<undefined>,2020-06-18,108.34,72.11,50.57
country/region,Italy,Italia,<undefined>,<undefined>,2020-06-19,124.81,80.93,51.78
country/region,Italy,Italia,<undefined>,<undefined>,2020-06-20,139.92,100.85,53.03
country/region,Italy,Italia,<undefined>,<undefined>,2020-06-21,148.53,76.8,55.63
country/region,Italy,Italia,<undefined>,<undefined>,2020-06-22,111.02,72.52,58.05
country/region,Italy,Italia,<undefined>,<undefined>,2020-06-23,117.36,79.63,58.86
country/region,Italy,Italia,<undefined>,<undefined>,2020-06-24,119.93,80.01,58.65
country/region,Italy,Italia,<undefined>,<undefined>,2020-06-25,124.01,81.99,58.36
country/region,Italy,Italia,<undefined>,<undefined>,2020-06-26,146.91,92.76,61.25
country/region,Italy,Italia,<undefined>,<undefined>,2020-06-27,155.9,108.71,61.36
country/region,Italy,Italia,<undefined>,<undefined>,2020-06-28,157.62,82.65,60.44
country/region,Italy,Italia,<undefined>,<undefined>,2020-06-29,128.78,79.13,60.49
country/region,Italy,Italia,<undefined>,<undefined>,2020-06-30,124.8,81.59,62.58
country/region,Italy,Italia,<undefined>,<undefined>,2020-07-01,128.26,84.93,63.31
country/region,Italy,Italia,<undefined>,<undefined>,2020-07-02,131.66,85.99,64.49
country/region,Italy,Italia,<undefined>,<undefined>,2020-07-03,151.56,95.15,65.29
country/region,Italy,Italia,<undefined>,<undefined>,2020-07-04,160.01,117.41,65.65
country/region,Italy,Italia,<undefined>,<undefined>,2020-07-05,161.84,90.13,68.59
country/region,Italy,Italia,<undefined>,<undefined>,2020-07-06,133.75,90.75,71.11
country/region,Italy,Italia,<undefined>,<undefined>,2020-07-07,134.55,96.53,69.16
country/region,Italy,Italia,<undefined>,<undefined>,2020-07-08,140.4,97.63,69.76
country/region,Italy,Italia,<undefined>,<undefined>,2020-07-09,144.98,99.57,70.65
country/region,Italy,Italia,<undefined>,<undefined>,2020-07-10,169.25,110.13,72.42
country/region,Italy,Italia,<undefined>,<undefined>,2020-07-11,171.7,123.75,71.18
country/region,Italy,Italia,<undefined>,<undefined>,2020-07-12,175.16,100.48,72.3
country/region,Italy,Italia,<undefined>,<undefined>,2020-07-13,144.5,103.32,75.76
country/region,Italy,Italia,<undefined>,<undefined>,2020-07-14,146.61,109.55,75.09
country/region,Italy,Italia,<undefined>,<undefined>,2020-07-15,149.7,110.15,74.61
country/region,Italy,Italia,<undefined>,<undefined>,2020-07-16,154.99,113.2,73.89
country/region,Italy,Italia,<undefined>,<undefined>,2020-07-17,176.54,124.3,76.15
country/region,Italy,Italia,<undefined>,<undefined>,2020-07-18,186.79,146.26,76.24
country/region,Italy,Italia,<undefined>,<undefined>,2020-07-19,183.38,113.71,77.26
country/region,Italy,Italia,<undefined>,<undefined>,2020-07-20,157.09,117.25,80.39
country/region,Italy,Italia,<undefined>,<undefined>,2020-07-21,156.98,121.01,80.74
country/region,Italy,Italia,<undefined>,<undefined>,2020-07-22,160.77,122.21,79.46
country/region,Italy,Italia,<undefined>,<undefined>,2020-07-23,166.36,124.03,79.54
country/region,Italy,Italia,<undefined>,<undefined>,2020-07-24,186.92,132.49,80.21
country/region,Italy,Italia,<undefined>,<undefined>,2020-07-25,196.78,154.25,81.42
country/region,Italy,Italia,<undefined>,<undefined>,2020-07-26,189.74,124.6,81.08
country/region,Italy,Italia,<undefined>,<undefined>,2020-07-27,167.76,128.3,83.67
country/region,Italy,Italia,<undefined>,<undefined>,2020-07-28,166.05,130.99,82.76
country/region,Italy,Italia,<undefined>,<undefined>,2020-07-29,169.48,130.21,81.95
country/region,Italy,Italia,<undefined>,<undefined>,2020-07-30,172.47,126.68,81.58
country/region,Italy,Italia,<undefined>,<undefined>,2020-07-31,190.32,129.31,80.7
country/region,Italy,Italia,<undefined>,<undefined>,2020-08-01,198.38,142.65,79.18
country/region,Italy,Italia,<undefined>,<undefined>,2020-08-02,183.69,122.44,80.35
country/region,Italy,Italia,<undefined>,<undefined>,2020-08-03,176.22,137.64,85.36
country/region,Italy,Italia,<undefined>,<undefined>,2020-08-04,179.45,153.69,86.15
country/region,Italy,Italia,<undefined>,<undefined>,2020-08-05,178.56,150.23,84.66
country/region,Italy,Italia,<undefined>,<undefined>,2020-08-06,183.16,150.34,84.44
country/region,Italy,Italia,<undefined>,<undefined>,2020-08-07,203.61,150.23,82.91
country/region,Italy,Italia,<undefined>,<undefined>,2020-08-08,222.86,167.46,85.2
country/region,Italy,Italia,<undefined>,<undefined>,2020-08-09,201.47,146.18,82.01
country/region,Italy,Italia,<undefined>,<undefined>,2020-08-10,198.87,162.48,85.81
country/region,Italy,Italia,<undefined>,<undefined>,2020-08-11,189.78,165.65,85.33
country/region,Italy,Italia,<undefined>,<undefined>,2020-08-12,188.69,163.15,83.46
country/region,Italy,Italia,<undefined>,<undefined>,2020-08-13,194.61,166.4,84.52
country/region,Italy,Italia,<undefined>,<undefined>,2020-08-14,208.5,170.4,85.09
country/region,Italy,Italia,<undefined>,<undefined>,2020-08-15,204.23,167.08,78.02
country/region,Italy,Italia,<undefined>,<undefined>,2020-08-16,211.54,154.44,82.93
country/region,Italy,Italia,<undefined>,<undefined>,2020-08-17,198.94,168.56,84.74
country/region,Italy,Italia,<undefined>,<undefined>,2020-08-18,192.08,180.82,85.02
country/region,Italy,Italia,<undefined>,<undefined>,2020-08-19,187.89,170.41,84.4
country/region,Italy,Italia,<undefined>,<undefined>,2020-08-20,188.22,164.4,81.3
country/region,Italy,Italia,<undefined>,<undefined>,2020-08-21,189.95,154.94,77.93
country/region,Italy,Italia,<undefined>,<undefined>,2020-08-22,212.49,160.15,80.2
country/region,Italy,Italia,<undefined>,<undefined>,2020-08-23,193.57,129.49,77.33
country/region,Italy,Italia,<undefined>,<undefined>,2020-08-24,170.81,140.98,78.02
country/region,Italy,Italia,<undefined>,<undefined>,2020-08-25,160.15,141.58,75.94
country/region,Italy,Italia,<undefined>,<undefined>,2020-08-26,159.93,137.38,77.53
country/region,Italy,Italia,<undefined>,<undefined>,2020-08-27,158.37,133.65,76.75
country/region,Italy,Italia,<undefined>,<undefined>,2020-08-28,168.29,134.47,75.41
country/region,Italy,Italia,<undefined>,<undefined>,2020-08-29,177.38,136.66,71
country/region,Italy,Italia,<undefined>,<undefined>,2020-08-30,172.15,114.34,74.91
country/region,Italy,Italia,<undefined>,<undefined>,2020-08-31,148.6,115.98,76.27
country/region,Italy,Italia,<undefined>,<undefined>,2020-09-01,142.54,128.29,79.73
country/region,Italy,Italia,<undefined>,<undefined>,2020-09-02,148.47,133.33,81.04
country/region,Italy,Italia,<undefined>,<undefined>,2020-09-03,151.55,134,82.18
country/region,Italy,Italia,<undefined>,<undefined>,2020-09-04,168.5,142.37,83
country/region,Italy,Italia,<undefined>,<undefined>,2020-09-05,180.96,162.69,80.96
country/region,Italy,Italia,<undefined>,<undefined>,2020-09-06,180.46,131.22,85.3
country/region,Italy,Italia,<undefined>,<undefined>,2020-09-07,151.36,135.46,91.17
country/region,Italy,Italia,<undefined>,<undefined>,2020-09-08,151.02,138.21,91.74
country/region,Italy,Italia,<undefined>,<undefined>,2020-09-09,152.11,135.88,91.12
country/region,Italy,Italia,<undefined>,<undefined>,2020-09-10,154.69,136.93,89.89
country/region,Italy,Italia,<undefined>,<undefined>,2020-09-11,169.52,147.53,89.66
country/region,Italy,Italia,<undefined>,<undefined>,2020-09-12,177.19,168.55,88.09
country/region,Italy,Italia,<undefined>,<undefined>,2020-09-13,172.4,129.91,88.44
country/region,Italy,Italia,<undefined>,<undefined>,2020-09-14,140.51,127.45,92.65
country/region,Italy,Italia,<undefined>,<undefined>,2020-09-15,143.88,130.68,90.42
country/region,Italy,Italia,<undefined>,<undefined>,2020-09-16,147.38,133.11,97.03
country/region,Italy,Italia,<undefined>,<undefined>,2020-09-17,152.14,139.07,109.89
country/region,Italy,Italia,<undefined>,<undefined>,2020-09-18,163.47,149.13,107.33
country/region,Italy,Italia,<undefined>,<undefined>,2020-09-19,168.1,171.37,101.95
country/region,Italy,Italia,<undefined>,<undefined>,2020-09-20,158.14,134.21,97.65
country/region,Italy,Italia,<undefined>,<undefined>,2020-09-21,131.31,123.62,95.54
country/region,Italy,Italia,<undefined>,<undefined>,2020-09-22,133.32,123.32,96.1
country/region,Italy,Italia,<undefined>,<undefined>,2020-09-23,134.65,124.63,92.04
country/region,Italy,Italia,<undefined>,<undefined>,2020-09-24,132.2,122.29,90.49
country/region,Italy,Italia,<undefined>,<undefined>,2020-09-25,140.16,131.03,87.6
country/region,Italy,Italia,<undefined>,<undefined>,2020-09-26,148.72,160.3,85.56
country/region,Italy,Italia,<undefined>,<undefined>,2020-09-27,129.19,110.46,80.78
country/region,Italy,Italia,<undefined>,<undefined>,2020-09-28,120.05,113.38,85.85
country/region,Italy,Italia,<undefined>,<undefined>,2020-09-29,124.42,118.66,86.8
country/region,Italy,Italia,<undefined>,<undefined>,2020-09-30,125.82,118.07,85.74
country/region,Italy,Italia,<undefined>,<undefined>,2020-10-01,125.19,117.35,85.5
country/region,Italy,Italia,<undefined>,<undefined>,2020-10-02,130.94,122.32,83.42
country/region,Italy,Italia,<undefined>,<undefined>,2020-10-03,140.91,148.02,83.24
country/region,Italy,Italia,<undefined>,<undefined>,2020-10-04,126.1,115.47,83.22
country/region,Italy,Italia,<undefined>,<undefined>,2020-10-05,114.01,110.34,82.16
country/region,Italy,Italia,<undefined>,<undefined>,2020-10-06,117.04,110.67,81.88
country/region,Italy,Italia,<undefined>,<undefined>,2020-10-07,118.73,111.22,80.23
country/region,Italy,Italia,<undefined>,<undefined>,2020-10-08,121.07,115.33,82.12
country/region,Italy,Italia,<undefined>,<undefined>,2020-10-09,132.47,129.87,84.82
country/region,Italy,Italia,<undefined>,<undefined>,2020-10-10,139.94,154.7,82.81
country/region,Italy,Italia,<undefined>,<undefined>,2020-10-11,112.41,94.65,73.79
country/region,Italy,Italia,<undefined>,<undefined>,2020-10-12,104.91,96.37,73.58
country/region,Italy,Italia,<undefined>,<undefined>,2020-10-13,107.05,99.59,71.62
country/region,Italy,Italia,<undefined>,<undefined>,2020-10-14,107.4,94.03,69.75
country/region,Italy,Italia,<undefined>,<undefined>,2020-10-15,105.12,87.97,66.29
country/region,Italy,Italia,<undefined>,<undefined>,2020-10-16,115.85,103.87,67.89
country/region,Italy,Italia,<undefined>,<undefined>,2020-10-17,117.86,127.76,65.89
country/region,Italy,Italia,<undefined>,<undefined>,2020-10-18,113.38,101.97,63.47
country/region,Italy,Italia,<undefined>,<undefined>,2020-10-19,95.8,85.7,62.5
country/region,Italy,Italia,<undefined>,<undefined>,2020-10-20,97.01,85.55,60.44
country/region,Italy,Italia,<undefined>,<undefined>,2020-10-21,97.56,85.46,59.27
country/region,Italy,Italia,<undefined>,<undefined>,2020-10-22,96.78,82.87,60.05
country/region,Italy,Italia,<undefined>,<undefined>,2020-10-23,98.37,82.59,62.47
country/region,Italy,Italia,<undefined>,<undefined>,2020-10-24,90.73,90.56,55.97
country/region,Italy,Italia,<undefined>,<undefined>,2020-10-25,90.65,78.79,57.89
country/region,Italy,Italia,<undefined>,<undefined>,2020-10-26,78.76,61.5,56.47
country/region,Italy,Italia,<undefined>,<undefined>,2020-10-27,81.64,66.37,54.05
country/region,Italy,Italia,<undefined>,<undefined>,2020-10-28,83.93,68.43,54.03
country/region,Italy,Italia,<undefined>,<undefined>,2020-10-29,83.92,66.77,59.06
country/region,Italy,Italia,<undefined>,<undefined>,2020-10-30,88.13,69.66,54.96
country/region,Italy,Italia,<undefined>,<undefined>,2020-10-31,88.18,79.83,49.26
country/region,Italy,Italia,<undefined>,<undefined>,2020-11-01,76.87,60.68,47.7
country/region,Italy,Italia,<undefined>,<undefined>,2020-11-02,75.01,58.07,48.75
country/region,Italy,Italia,<undefined>,<undefined>,2020-11-03,74.68,58.75,46.94
country/region,Italy,Italia,<undefined>,<undefined>,2020-11-04,77.31,60,46.57
country/region,Italy,Italia,<undefined>,<undefined>,2020-11-05,76.55,59.32,44.98
country/region,Italy,Italia,<undefined>,<undefined>,2020-11-06,65.65,52.41,41.59
country/region,Italy,Italia,<undefined>,<undefined>,2020-11-07,61.96,58.74,37.93
country/region,Italy,Italia,<undefined>,<undefined>,2020-11-08,58.26,49.54,39.06
country/region,Italy,Italia,<undefined>,<undefined>,2020-11-09,61.41,48.56,40.62
country/region,Italy,Italia,<undefined>,<undefined>,2020-11-10,65.04,50.54,41.13
country/region,Italy,Italia,<undefined>,<undefined>,2020-11-11,62.96,49.45,40.23
country/region,Italy,Italia,<undefined>,<undefined>,2020-11-12,62.67,48.7,40.74
country/region,Italy,Italia,<undefined>,<undefined>,2020-11-13,64.72,51.93,41.37
country/region,Italy,Italia,<undefined>,<undefined>,2020-11-14,58.45,54.6,37.77
country/region,Italy,Italia,<undefined>,<undefined>,2020-11-15,44.18,39.24,38.19
country/region,Italy,Italia,<undefined>,<undefined>,2020-11-16,55.47,41.33,38.89
country/region,Italy,Italia,<undefined>,<undefined>,2020-11-17,58.75,46.28,38.84
country/region,Italy,Italia,<undefined>,<undefined>,2020-11-18,61.31,47.69,40.21
country/region,Italy,Italia,<undefined>,<undefined>,2020-11-19,61.53,47.83,39.89
country/region,Italy,Italia,<undefined>,<undefined>,2020-11-20,60.86,46.95,39.01
country/region,Italy,Italia,<undefined>,<undefined>,2020-11-21,53.22,50.32,37.34
country/region,Italy,Italia,<undefined>,<undefined>,2020-11-22,46.17,40.29,36.89
country/region,Italy,Italia,<undefined>,<undefined>,2020-11-23,58.74,43.77,40.4
country/region,Italy,Italia,<undefined>,<undefined>,2020-11-24,60.37,46.2,40.41
country/region,Italy,Italia,<undefined>,<undefined>,2020-11-25,61.51,47.93,39.66
country/region,Italy,Italia,<undefined>,<undefined>,2020-11-26,62.63,47.09,40.78
country/region,Italy,Italia,<undefined>,<undefined>,2020-11-27,65,50.67,44.06
country/region,Italy,Italia,<undefined>,<undefined>,2020-11-28,54.42,50.33,39.02
country/region,Italy,Italia,<undefined>,<undefined>,2020-11-29,47.07,39.34,39.7
country/region,Italy,Italia,<undefined>,<undefined>,2020-11-30,63.21,47.43,43.97
country/region,Italy,Italia,<undefined>,<undefined>,2020-12-01,64.43,47.45,43.12
country/region,Italy,Italia,<undefined>,<undefined>,2020-12-02,62.51,44.47,42.11
country/region,Italy,Italia,<undefined>,<undefined>,2020-12-03,65.89,48.51,42.52
country/region,Italy,Italia,<undefined>,<undefined>,2020-12-04,72.42,48.12,44.25
country/region,Italy,Italia,<undefined>,<undefined>,2020-12-05,57.65,48.36,39.51
country/region,Italy,Italia,<undefined>,<undefined>,2020-12-06,47.84,33.49,36.95
country/region,Italy,Italia,<undefined>,<undefined>,2020-12-07,64.08,52.26,42.38
country/region,Italy,Italia,<undefined>,<undefined>,2020-12-08,50.78,36.37,38.94
country/region,Italy,Italia,<undefined>,<undefined>,2020-12-09,71.73,49.64,47.38
country/region,Italy,Italia,<undefined>,<undefined>,2020-12-10,73.1,53.49,47.28
country/region,Italy,Italia,<undefined>,<undefined>,2020-12-11,76.23,56.46,47.32
country/region,Italy,Italia,<undefined>,<undefined>,2020-12-12,69.25,61.92,44.83
country/region,Italy,Italia,<undefined>,<undefined>,2020-12-13,72.4,60.94,48.51
country/region,Italy,Italia,<undefined>,<undefined>,2020-12-14,79.35,57.28,52.76
country/region,Italy,Italia,<undefined>,<undefined>,2020-12-15,80.33,58.91,50.05
country/region,Italy,Italia,<undefined>,<undefined>,2020-12-16,82.6,60.69,52.06
country/region,Italy,Italia,<undefined>,<undefined>,2020-12-17,87.5,63.81,51.07
country/region,Italy,Italia,<undefined>,<undefined>,2020-12-18,97.77,68.8,52.5
country/region,Italy,Italia,<undefined>,<undefined>,2020-12-19,84.16,74.37,49.17
country/region,Italy,Italia,<undefined>,<undefined>,2020-12-20,70.56,54.14,44.79
country/region,Italy,Italia,<undefined>,<undefined>,2020-12-21,82.58,60.82,47.63
country/region,Italy,Italia,<undefined>,<undefined>,2020-12-22,87.73,66.31,48.18
country/region,Italy,Italia,<undefined>,<undefined>,2020-12-23,87.82,67.61,43.08
country/region,Italy,Italia,<undefined>,<undefined>,2020-12-24,30.14,23.74,19.73
country/region,Italy,Italia,<undefined>,<undefined>,2020-12-25,18.93,13.32,19.19
country/region,Italy,Italia,<undefined>,<undefined>,2020-12-26,26.77,20.99,26.77
country/region,Italy,Italia,<undefined>,<undefined>,2020-12-27,36.9,26.12,34.1
country/region,Italy,Italia,<undefined>,<undefined>,2020-12-28,56.16,38.95,40.98
country/region,Italy,Italia,<undefined>,<undefined>,2020-12-29,61.52,45.31,40.22
country/region,Italy,Italia,<undefined>,<undefined>,2020-12-30,62.27,45.82,37.67
country/region,Italy,Italia,<undefined>,<undefined>,2020-12-31,37.07,30.3,22.88
country/region,Italy,Italia,<undefined>,<undefined>,2021-01-01,23.48,15.74,23.8
country/region,Italy,Italia,<undefined>,<undefined>,2021-01-02,34.85,24.58,30.2
country/region,Italy,Italia,<undefined>,<undefined>,2021-01-03,38.7,25.99,36.16
country/region,Italy,Italia,<undefined>,<undefined>,2021-01-04,61.4,44.5,44.07
country/region,Italy,Italia,<undefined>,<undefined>,2021-01-05,45.77,33.32,35.91
country/region,Italy,Italia,<undefined>,<undefined>,2021-01-06,38.63,26.06,36.69
country/region,Italy,Italia,<undefined>,<undefined>,2021-01-07,69.34,49.82,49.46
country/region,Italy,Italia,<undefined>,<undefined>,2021-01-08,74.53,56.69,49.48
country/region,Italy,Italia,<undefined>,<undefined>,2021-01-09,51.83,43.61,42.08
country/region,Italy,Italia,<undefined>,<undefined>,2021-01-10,45.73,32.31,46.35
country/region,Italy,Italia,<undefined>,<undefined>,2021-01-11,67.13,50.14,53.31
country/region,Italy,Italia,<undefined>,<undefined>,2021-01-12,69.7,52.3,52.05
country/region,Italy,Italia,<undefined>,<undefined>,2021-01-13,70.52,53.92,52.58
country/region,Italy,Italia,<undefined>,<undefined>,2021-01-14,72.27,55.13,53.51
country/region,Italy,Italia,<undefined>,<undefined>,2021-01-15,74.48,56.71,52.77
country/region,Italy,Italia,<undefined>,<undefined>,2021-01-16,66.68,60.91,47.02
country/region,Italy,Italia,<undefined>,<undefined>,2021-01-17,48.17,35.4,45.39
country/region,Italy,Italia,<undefined>,<undefined>,2021-01-18,65.98,48.84,52.95
country/region,Italy,Italia,<undefined>,<undefined>,2021-01-19,67.51,50.12,52.77
country/region,Italy,Italia,<undefined>,<undefined>,2021-01-20,67.19,49.56,51.8
country/region,Italy,Italia,<undefined>,<undefined>,2021-01-21,67.53,49.86,50.18
country/region,Italy,Italia,<undefined>,<undefined>,2021-01-22,68,49.24,50
country/region,Italy,Italia,<undefined>,<undefined>,2021-01-23,60.13,52.46,46.26
country/region,Italy,Italia,<undefined>,<undefined>,2021-01-24,52.21,39.46,48.07
country/region,Italy,Italia,<undefined>,<undefined>,2021-01-25,68.63,49.69,54.49
country/region,Italy,Italia,<undefined>,<undefined>,2021-01-26,71.65,55.03,54.59
country/region,Italy,Italia,<undefined>,<undefined>,2021-01-27,71.53,53.46,55.22
country/region,Italy,Italia,<undefined>,<undefined>,2021-01-28,72.39,53.54,55.83
country/region,Italy,Italia,<undefined>,<undefined>,2021-01-29,72.35,54.72,54.17
country/region,Italy,Italia,<undefined>,<undefined>,2021-01-30,68.06,60.8,53.1
country/region,Italy,Italia,<undefined>,<undefined>,2021-01-31,57.52,43.47,53.96
country/region,Italy,Italia,<undefined>,<undefined>,2021-02-01,76.36,56.4,62.7
country/region,Italy,Italia,<undefined>,<undefined>,2021-02-02,78.82,60.47,62.48
country/region,Italy,Italia,<undefined>,<undefined>,2021-02-03,79.41,58.64,61.82
country/region,Italy,Italia,<undefined>,<undefined>,2021-02-04,81.25,62.21,62.64
country/region,Italy,Italia,<undefined>,<undefined>,2021-02-05,85.24,66.27,64.17
country/region,Italy,Italia,<undefined>,<undefined>,2021-02-06,91.51,85.9,65.43
country/region,Italy,Italia,<undefined>,<undefined>,2021-02-07,70.93,49.11,57.77
country/region,Italy,Italia,<undefined>,<undefined>,2021-02-08,80.12,61.33,68.82
country/region,Italy,Italia,<undefined>,<undefined>,2021-02-09,80.72,60.67,67.02
country/region,Italy,Italia,<undefined>,<undefined>,2021-02-10,82.31,60.59,67.71
country/region,Italy,Italia,<undefined>,<undefined>,2021-02-11,87.29,68.67,69
country/region,Italy,Italia,<undefined>,<undefined>,2021-02-12,86.43,66.64,67.82
country/region,Italy,Italia,<undefined>,<undefined>,2021-02-13,87.58,78.41,67.48
country/region,Italy,Italia,<undefined>,<undefined>,2021-02-14,97.9,83.64,71.36
country/region,Italy,Italia,<undefined>,<undefined>,2021-02-15,81.68,64.19,71.12
country/region,Italy,Italia,<undefined>,<undefined>,2021-02-16,84.05,66.12,71.25
country/region,Italy,Italia,<undefined>,<undefined>,2021-02-17,83.66,66.58,71.6
country/region,Italy,Italia,<undefined>,<undefined>,2021-02-18,84.8,66.9,71.8
country/region,Italy,Italia,<undefined>,<undefined>,2021-02-19,89.5,71.94,73.67
country/region,Italy,Italia,<undefined>,<undefined>,2021-02-20,95.97,91.15,73.02
country/region,Italy,Italia,<undefined>,<undefined>,2021-02-21,86.83,71.34,70.52
country/region,Italy,Italia,<undefined>,<undefined>,2021-02-22,79.09,62.54,72.9
country/region,Italy,Italia,<undefined>,<undefined>,2021-02-23,81.82,66.53,71.63
country/region,Italy,Italia,<undefined>,<undefined>,2021-02-24,83.69,69.2,72.72
country/region,Italy,Italia,<undefined>,<undefined>,2021-02-25,85.17,71.38,72.47
country/region,Italy,Italia,<undefined>,<undefined>,2021-02-26,90.15,74.98,72.57
country/region,Italy,Italia,<undefined>,<undefined>,2021-02-27,93.22,90.26,73.29
country/region,Italy,Italia,<undefined>,<undefined>,2021-02-28,93.4,80.56,74.1
country/region,Italy,Italia,<undefined>,<undefined>,2021-03-01,75.78,62.17,69.99
country/region,Italy,Italia,<undefined>,<undefined>,2021-03-02,77.19,64.18,67.67
country/region,Italy,Italia,<undefined>,<undefined>,2021-03-03,78.43,63.36,67.43
country/region,Italy,Italia,<undefined>,<undefined>,2021-03-04,77.94,62.7,65.3
country/region,Italy,Italia,<undefined>,<undefined>,2021-03-05,77.25,63.4,63.79
country/region,Italy,Italia,<undefined>,<undefined>,2021-03-06,70.44,65.71,57.76
country/region,Italy,Italia,<undefined>,<undefined>,2021-03-07,65.42,57.41,59.47
country/region,Italy,Italia,<undefined>,<undefined>,2021-03-08,69.84,54.08,59.71
country/region,Italy,Italia,<undefined>,<undefined>,2021-03-09,70.26,54.35,62.18
country/region,Italy,Italia,<undefined>,<undefined>,2021-03-10,72.58,59.01,62.05
country/region,Italy,Italia,<undefined>,<undefined>,2021-03-11,73.17,58.28,62.23
country/region,Italy,Italia,<undefined>,<undefined>,2021-03-12,<undefined>,<undefined>,<undefined>
country/region,Italy,Italia,<undefined>,<undefined>,2021-03-13,70.38,71.16,63.04
country/region,Italy,Italia,<undefined>,<undefined>,2021-03-14,60.11,52.68,59.5
country/region,Italy,Italia,<undefined>,<undefined>,2021-03-15,57.96,45.38,48.5
country/region,Italy,Italia,<undefined>,<undefined>,2021-03-16,59.86,46.65,46.59
country/region,Italy,Italia,<undefined>,<undefined>,2021-03-17,61.88,48.11,46.31
country/region,Italy,Italia,<undefined>,<undefined>,2021-03-18,62.76,47.75,46.08
country/region,Italy,Italia,<undefined>,<undefined>,2021-03-19,62.42,48.58,42.53
country/region,Italy,Italia,<undefined>,<undefined>,2021-03-20,52.71,48.63,41.36
country/region,Italy,Italia,<undefined>,<undefined>,2021-03-21,45.35,39.47,44.74
country/region,Italy,Italia,<undefined>,<undefined>,2021-03-22,61.89,47.45,50.27
country/region,Italy,Italia,<undefined>,<undefined>,2021-03-23,63.74,49.74,49.98
country/region,Italy,Italia,<undefined>,<undefined>,2021-03-24,65.52,50.84,51.56
country/region,Italy,Italia,<undefined>,<undefined>,2021-03-25,65.99,51.64,49.87
country/region,Italy,Italia,<undefined>,<undefined>,2021-03-26,68.03,55.7,53.11
country/region,Italy,Italia,<undefined>,<undefined>,2021-03-27,57.5,52.3,45.28
country/region,Italy,Italia,<undefined>,<undefined>,2021-03-28,51,45.97,49.1
country/region,Italy,Italia,<undefined>,<undefined>,2021-03-29,65.22,50.76,55.07
country/region,Italy,Italia,<undefined>,<undefined>,2021-03-30,69.96,55.7,56.2
country/region,Italy,Italia,<undefined>,<undefined>,2021-03-31,72.92,57.49,58.05
country/region,Italy,Italia,<undefined>,<undefined>,2021-04-01,74.45,58.62,57.57
country/region,Italy,Italia,<undefined>,<undefined>,2021-04-02,70.02,56.2,53.81
country/region,Italy,Italia,<undefined>,<undefined>,2021-04-03,48.64,39.86,37.57
country/region,Italy,Italia,<undefined>,<undefined>,2021-04-04,35.04,28.07,34.87
country/region,Italy,Italia,<undefined>,<undefined>,2021-04-05,55.29,40.49,48.31
country/region,Italy,Italia,<undefined>,<undefined>,2021-04-06,71.09,48.23,61.14
country/region,Italy,Italia,<undefined>,<undefined>,2021-04-07,72.02,51.31,59.77
country/region,Italy,Italia,<undefined>,<undefined>,2021-04-08,74.45,55.25,59.16
country/region,Italy,Italia,<undefined>,<undefined>,2021-04-09,74.26,55.77,58.29
country/region,Italy,Italia,<undefined>,<undefined>,2021-04-10,62.95,51.5,55
country/region,Italy,Italia,<undefined>,<undefined>,2021-04-11,58.47,39.53,59.38
country/region,Italy,Italia,<undefined>,<undefined>,2021-04-12,74.25,50.99,63.35
country/region,Italy,Italia,<undefined>,<undefined>,2021-04-13,78.28,56.87,65.79
country/region,Italy,Italia,<undefined>,<undefined>,2021-04-14,79.4,59.9,66.01
country/region,Italy,Italia,<undefined>,<undefined>,2021-04-15,79.54,58.12,68.13
country/region,Italy,Italia,<undefined>,<undefined>,2021-04-16,81.05,61.72,67.41
country/region,Italy,Italia,<undefined>,<undefined>,2021-04-17,73.81,68.65,68.31
country/region,Italy,Italia,<undefined>,<undefined>,2021-04-18,65.62,48.82,66.72
country/region,Italy,Italia,<undefined>,<undefined>,2021-04-19,79.93,58.79,73.26
country/region,Italy,Italia,<undefined>,<undefined>,2021-04-20,81.94,63.03,74.19
country/region,Italy,Italia,<undefined>,<undefined>,2021-04-21,82.79,62.09,72.34
country/region,Italy,Italia,<undefined>,<undefined>,2021-04-22,82.49,62.79,72.69
country/region,Italy,Italia,<undefined>,<undefined>,2021-04-23,86.95,67.26,74.66
country/region,Italy,Italia,<undefined>,<undefined>,2021-04-24,81.52,77.15,74.84
country/region,Italy,Italia,<undefined>,<undefined>,2021-04-25,79.3,65.53,79.77
country/region,Italy,Italia,<undefined>,<undefined>,2021-04-26,89.63,65.92,81.76
country/region,Italy,Italia,<undefined>,<undefined>,2021-04-27,93.74,68.98,83.52
country/region,Italy,Italia,<undefined>,<undefined>,2021-04-28,96.91,72.99,84.43
country/region,Italy,Italia,<undefined>,<undefined>,2021-04-29,96.74,69.56,84.24
country/region,Italy,Italia,<undefined>,<undefined>,2021-04-30,113.46,87.19,97.82
country/region,Italy,Italia,<undefined>,<undefined>,2021-05-01,100.39,93.34,84.94
country/region,Italy,Italia,<undefined>,<undefined>,2021-05-02,119.83,99.32,95.59
country/region,Italy,Italia,<undefined>,<undefined>,2021-05-03,97.07,77.43,92.21
country/region,Italy,Italia,<undefined>,<undefined>,2021-05-04,98.83,78.15,90.7
country/region,Italy,Italia,<undefined>,<undefined>,2021-05-05,101.94,81.94,93.11
country/region,Italy,Italia,<undefined>,<undefined>,2021-05-06,105.05,84.1,93.62
country/region,Italy,Italia,<undefined>,<undefined>,2021-05-07,118.12,95.82,101.96
country/region,Italy,Italia,<undefined>,<undefined>,2021-05-08,127.14,132.14,107.26
country/region,Italy,Italia,<undefined>,<undefined>,2021-05-09,135.49,106.25,101.87
country/region,Italy,Italia,<undefined>,<undefined>,2021-05-10,100.5,76.49,95.74
country/region,Italy,Italia,<undefined>,<undefined>,2021-05-11,100.7,70.52,92.46
country/region,Italy,Italia,<undefined>,<undefined>,2021-05-12,106.93,84.03,98.35
country/region,Italy,Italia,<undefined>,<undefined>,2021-05-13,109.79,86.51,98.14
country/region,Italy,Italia,<undefined>,<undefined>,2021-05-14,116.29,90.33,101.62
country/region,Italy,Italia,<undefined>,<undefined>,2021-05-15,123.8,127.76,108.21
country/region,Italy,Italia,<undefined>,<undefined>,2021-05-16,124.32,101.47,106.38
country/region,Italy,Italia,<undefined>,<undefined>,2021-05-17,107.53,83.53,103.02
country/region,Italy,Italia,<undefined>,<undefined>,2021-05-18,109.54,86.1,103.89
country/region,Italy,Italia,<undefined>,<undefined>,2021-05-19,112.49,89.15,106.26
country/region,Italy,Italia,<undefined>,<undefined>,2021-05-20,115.97,95.29,107.54
country/region,Italy,Italia,<undefined>,<undefined>,2021-05-21,129.98,109.64,115.12
country/region,Italy,Italia,<undefined>,<undefined>,2021-05-22,140.44,144.46,120.04
country/region,Italy,Italia,<undefined>,<undefined>,2021-05-23,145.49,119.43,118.35
country/region,Italy,Italia,<undefined>,<undefined>,2021-05-24,114.84,83.24,110.53
country/region,Italy,Italia,<undefined>,<undefined>,2021-05-25,115.35,95.85,111.53
country/region,Italy,Italia,<undefined>,<undefined>,2021-05-26,119.12,97.14,113.35
country/region,Italy,Italia,<undefined>,<undefined>,2021-05-27,123.05,100.64,113.07
country/region,Italy,Italia,<undefined>,<undefined>,2021-05-28,141.68,116.06,123.01
country/region,Italy,Italia,<undefined>,<undefined>,2021-05-29,151.87,149.75,128.82
country/region,Italy,Italia,<undefined>,<undefined>,2021-05-30,153.01,128.73,127.53
country/region,Italy,Italia,<undefined>,<undefined>,2021-05-31,127.06,108.8,127.14
country/region,Italy,Italia,<undefined>,<undefined>,2021-06-01,137.81,118.47,129.84
country/region,Italy,Italia,<undefined>,<undefined>,2021-06-02,159.28,132.8,131.36
country/region,Italy,Italia,<undefined>,<undefined>,2021-06-03,136.92,116.63,133.37
country/region,Italy,Italia,<undefined>,<undefined>,2021-06-04,145.86,128.44,137.29
country/region,Italy,Italia,<undefined>,<undefined>,2021-06-05,151.46,149.73,137.48
country/region,Italy,Italia,<undefined>,<undefined>,2021-06-06,155.48,112.06,134.06
country/region,Italy,Italia,<undefined>,<undefined>,2021-06-07,124.94,101.51,136.55
country/region,Italy,Italia,<undefined>,<undefined>,2021-06-08,130.19,106.28,139.22
country/region,Italy,Italia,<undefined>,<undefined>,2021-06-09,134.72,112.36,143.44
country/region,Italy,Italia,<undefined>,<undefined>,2021-06-10,137.43,116.64,144.79
country/region,Italy,Italia,<undefined>,<undefined>,2021-06-11,151.39,128.3,145.49
country/region,Italy,Italia,<undefined>,<undefined>,2021-06-12,160.34,154.6,149.23
country/region,Italy,Italia,<undefined>,<undefined>,2021-06-13,167.56,119.45,151.24
country/region,Italy,Italia,<undefined>,<undefined>,2021-06-14,136.61,112.94,151.24
country/region,Italy,Italia,<undefined>,<undefined>,2021-06-15,139.75,117.58,150.81
country/region,Italy,Italia,<undefined>,<undefined>,2021-06-16,140.28,118.48,151.03
country/region,Italy,Italia,<undefined>,<undefined>,2021-06-17,145.4,121.61,151.3
country/region,Italy,Italia,<undefined>,<undefined>,2021-06-18,165.96,137.41,158.71
country/region,Italy,Italia,<undefined>,<undefined>,2021-06-19,173.23,162.23,159.81
country/region,Italy,Italia,<undefined>,<undefined>,2021-06-20,164.33,120.31,154.52
country/region,Italy,Italia,<undefined>,<undefined>,2021-06-21,144.84,118.63,156.86
country/region,Italy,Italia,<undefined>,<undefined>,2021-06-22,149.06,122.59,161.91
country/region,Italy,Italia,<undefined>,<undefined>,2021-06-23,150.62,124.06,160.31
country/region,Italy,Italia,<undefined>,<undefined>,2021-06-24,156.62,130.96,162.2
country/region,Italy,Italia,<undefined>,<undefined>,2021-06-25,179.81,150.52,170.28
country/region,Italy,Italia,<undefined>,<undefined>,2021-06-26,178.58,167.01,170.86
country/region,Italy,Italia,<undefined>,<undefined>,2021-06-27,182.73,131.47,167.88
country/region,Italy,Italia,<undefined>,<undefined>,2021-06-28,152.68,126.47,169.4
country/region,Italy,Italia,<undefined>,<undefined>,2021-06-29,153.21,127.18,167.92
country/region,Italy,Italia,<undefined>,<undefined>,2021-06-30,157.47,132.18,172.13
country/region,Italy,Italia,<undefined>,<undefined>,2021-07-01,163.41,137.79,176.74
country/region,Italy,Italia,<undefined>,<undefined>,2021-07-02,177.82,149.56,175.19
country/region,Italy,Italia,<undefined>,<undefined>,2021-07-03,188.56,177.92,183
country/region,Italy,Italia,<undefined>,<undefined>,2021-07-04,184.42,139.59,181.58
country/region,Italy,Italia,<undefined>,<undefined>,2021-07-05,159.98,144,187.18
country/region,Italy,Italia,<undefined>,<undefined>,2021-07-06,155.15,144.94,184.87
country/region,Italy,Italia,<undefined>,<undefined>,2021-07-07,159.66,144.44,188.58
country/region,Italy,Italia,<undefined>,<undefined>,2021-07-08,169.02,149.88,190.68
country/region,Italy,Italia,<undefined>,<undefined>,2021-07-09,191.36,166.29,192.24
country/region,Italy,Italia,<undefined>,<undefined>,2021-07-10,199.62,188.79,194.35
country/region,Italy,Italia,<undefined>,<undefined>,2021-07-11,178.72,154.35,184.77
country/region,Italy,Italia,<undefined>,<undefined>,2021-07-12,158.79,147.03,186.44
country/region,Italy,Italia,<undefined>,<undefined>,2021-07-13,167.29,158.96,194.28
country/region,Italy,Italia,<undefined>,<undefined>,2021-07-14,173.73,170.33,200.34
country/region,Italy,Italia,<undefined>,<undefined>,2021-07-15,178.11,170.03,200.17
country/region,Italy,Italia,<undefined>,<undefined>,2021-07-16,201.76,183.41,197.9
country/region,Italy,Italia,<undefined>,<undefined>,2021-07-17,212.56,209.95,203.99
country/region,Italy,Italia,<undefined>,<undefined>,2021-07-18,199.77,171.08,202.45
country/region,Italy,Italia,<undefined>,<undefined>,2021-07-19,178.3,173.47,211.53
country/region,Italy,Italia,<undefined>,<undefined>,2021-07-20,181.97,179.77,216.6
country/region,Italy,Italia,<undefined>,<undefined>,2021-07-21,186.82,184.67,222.19
country/region,Italy,Italia,<undefined>,<undefined>,2021-07-22,192.45,187.33,219.68
country/region,Italy,Italia,<undefined>,<undefined>,2021-07-23,213.57,197.75,219.42
country/region,Italy,Italia,<undefined>,<undefined>,2021-07-24,228.45,220.37,219.86
country/region,Italy,Italia,<undefined>,<undefined>,2021-07-25,217.79,185.71,219.87
country/region,Italy,Italia,<undefined>,<undefined>,2021-07-26,194.12,195.74,228.28
country/region,Italy,Italia,<undefined>,<undefined>,2021-07-27,190.41,197.27,225.58
country/region,Italy,Italia,<undefined>,<undefined>,2021-07-28,193.67,192.74,222.25
country/region,Italy,Italia,<undefined>,<undefined>,2021-07-29,197.99,189.94,218.71
country/region,Italy,Italia,<undefined>,<undefined>,2021-07-30,224.08,199.18,220.98
country/region,Italy,Italia,<undefined>,<undefined>,2021-07-31,240.43,215.07,221
country/region,Italy,Italia,<undefined>,<undefined>,2021-08-01,217.13,191.99,217.52
country/region,Italy,Italia,<undefined>,<undefined>,2021-08-02,200.84,208.61,224.61
country/region,Italy,Italia,<undefined>,<undefined>,2021-08-03,198.95,217.1,224.71
country/region,Italy,Italia,<undefined>,<undefined>,2021-08-04,203.9,215.31,229.11
country/region,Italy,Italia,<undefined>,<undefined>,2021-08-05,210.14,219.9,223.28
country/region,Italy,Italia,<undefined>,<undefined>,2021-08-06,236.08,216.39,219.47
country/region,Italy,Italia,<undefined>,<undefined>,2021-08-07,265.75,233.58,220.72
country/region,Italy,Italia,<undefined>,<undefined>,2021-08-08,227.57,209.76,219.98
country/region,Italy,Italia,<undefined>,<undefined>,2021-08-09,216.42,224.95,230.1
country/region,Italy,Italia,<undefined>,<undefined>,2021-08-10,210.44,228.32,226.23
country/region,Italy,Italia,<undefined>,<undefined>,2021-08-11,206.65,222.04,228.42
country/region,Italy,Italia,<undefined>,<undefined>,2021-08-12,208.96,217.68,222.39
country/region,Italy,Italia,<undefined>,<undefined>,2021-08-13,225.12,216.49,223.68
country/region,Italy,Italia,<undefined>,<undefined>,2021-08-14,238.26,228.73,224.56
country/region,Italy,Italia,<undefined>,<undefined>,2021-08-15,209.58,196.13,204.51
country/region,Italy,Italia,<undefined>,<undefined>,2021-08-16,227.17,219.8,226.83
country/region,Italy,Italia,<undefined>,<undefined>,2021-08-17,214.21,235.48,230.8
country/region,Italy,Italia,<undefined>,<undefined>,2021-08-18,213.48,236.6,225.76
country/region,Italy,Italia,<undefined>,<undefined>,2021-08-19,210.41,227.87,222.18
country/region,Italy,Italia,<undefined>,<undefined>,2021-08-20,221.85,222.15,217.07
country/region,Italy,Italia,<undefined>,<undefined>,2021-08-21,246.7,225.02,215.57
country/region,Italy,Italia,<undefined>,<undefined>,2021-08-22,218.15,188.81,213.49
country/region,Italy,Italia,<undefined>,<undefined>,2021-08-23,202.87,202.54,214.68
country/region,Italy,Italia,<undefined>,<undefined>,2021-08-24,185.45,200.28,209.44
country/region,Italy,Italia,<undefined>,<undefined>,2021-08-25,188.25,205.02,218.17
country/region,Italy,Italia,<undefined>,<undefined>,2021-08-26,188.91,197.75,209.27
country/region,Italy,Italia,<undefined>,<undefined>,2021-08-27,205.38,201.64,208.14
country/region,Italy,Italia,<undefined>,<undefined>,2021-08-28,224.59,211.81,208.3
country/region,Italy,Italia,<undefined>,<undefined>,2021-08-29,208.11,178.09,206.12
country/region,Italy,Italia,<undefined>,<undefined>,2021-08-30,177.7,176.98,218.95
country/region,Italy,Italia,<undefined>,<undefined>,2021-08-31,170.66,177.81,218.72
country/region,Italy,Italia,<undefined>,<undefined>,2021-09-01,171.62,184.9,227.92
country/region,Italy,Italia,<undefined>,<undefined>,2021-09-02,175.66,191.74,233.62
country/region,Italy,Italia,<undefined>,<undefined>,2021-09-03,195.85,207.74,235.81
country/region,Italy,Italia,<undefined>,<undefined>,2021-09-04,208.52,234.03,240.1
country/region,Italy,Italia,<undefined>,<undefined>,2021-09-05,207.29,198.06,243.7
country/region,Italy,Italia,<undefined>,<undefined>,2021-09-06,176.61,203.82,267.91
country/region,Italy,Italia,<undefined>,<undefined>,2021-09-07,176.59,205.79,266.96
country/region,Italy,Italia,<undefined>,<undefined>,2021-09-08,183.85,213.6,276.4
country/region,Italy,Italia,<undefined>,<undefined>,2021-09-09,185.85,218.83,280.55
country/region,Italy,Italia,<undefined>,<undefined>,2021-09-10,204.15,231.03,281.97
country/region,Italy,Italia,<undefined>,<undefined>,2021-09-11,204.69,243.1,269.94
country/region,Italy,Italia,<undefined>,<undefined>,2021-09-12,202.48,193.36,265.58
country/region,Italy,Italia,<undefined>,<undefined>,2021-09-13,168.21,189.8,274.99
country/region,Italy,Italia,<undefined>,<undefined>,2021-09-14,166.17,188.23,268.26
country/region,Italy,Italia,<undefined>,<undefined>,2021-09-15,170.74,190.73,272.16
country/region,Italy,Italia,<undefined>,<undefined>,2021-09-16,173.62,190.11,269.16
country/region,Italy,Italia,<undefined>,<undefined>,2021-09-17,184.39,213.72,268.91
country/region,Italy,Italia,<undefined>,<undefined>,2021-09-18,191.86,240.58,268.07
country/region,Italy,Italia,<undefined>,<undefined>,2021-09-19,176.42,179.92,254.03
country/region,Italy,Italia,<undefined>,<undefined>,2021-09-20,161.16,184.07,276.71
country/region,Italy,Italia,<undefined>,<undefined>,2021-09-21,169.03,195.04,293.14
country/region,Italy,Italia,<undefined>,<undefined>,2021-09-22,173.12,196.87,293.26
country/region,Italy,Italia,<undefined>,<undefined>,2021-09-23,174.08,201.13,295.49
country/region,Italy,Italia,<undefined>,<undefined>,2021-09-24,194.05,230.4,315.35
country/region,Italy,Italia,<undefined>,<undefined>,2021-09-25,206.26,274.36,323.03
country/region,Italy,Italia,<undefined>,<undefined>,2021-09-26,183.67,184.27,283.37
country/region,Italy,Italia,<undefined>,<undefined>,2021-09-27,161.12,187.16,293.4
country/region,Italy,Italia,<undefined>,<undefined>,2021-09-28,161.48,186.91,293.18
country/region,Italy,Italia,<undefined>,<undefined>,2021-09-29,164.41,185.88,291.78
country/region,Italy,Italia,<undefined>,<undefined>,2021-09-30,165.28,188.05,296.45
country/region,Italy,Italia,<undefined>,<undefined>,2021-10-01,185.82,223.63,315.6
country/region,Italy,Italia,<undefined>,<undefined>,2021-10-02,196.05,269.42,318.48
country/region,Italy,Italia,<undefined>,<undefined>,2021-10-03,178.43,202.21,296.97
country/region,Italy,Italia,<undefined>,<undefined>,2021-10-04,149.67,172.95,287.12
country/region,Italy,Italia,<undefined>,<undefined>,2021-10-05,153.47,173.09,290.55
country/region,Italy,Italia,<undefined>,<undefined>,2021-10-06,157.35,176.74,298.89
country/region,Italy,Italia,<undefined>,<undefined>,2021-10-07,159.6,186.5,296.86
country/region,Italy,Italia,<undefined>,<undefined>,2021-10-08,178.35,218.33,319.52
country/region,Italy,Italia,<undefined>,<undefined>,2021-10-09,192.98,268.3,331.38
country/region,Italy,Italia,<undefined>,<undefined>,2021-10-10,179.65,205.19,297.29
country/region,Italy,Italia,<undefined>,<undefined>,2021-10-11,152.4,177.3,276
country/region,Italy,Italia,<undefined>,<undefined>,2021-10-12,152.54,178,284.19
country/region,Italy,Italia,<undefined>,<undefined>,2021-10-13,155.24,178.64,282.6
country/region,Italy,Italia,<undefined>,<undefined>,2021-10-14,157.63,183.2,284.97
country/region,Italy,Italia,<undefined>,<undefined>,2021-10-15,176.38,214.92,311.09
country/region,Italy,Italia,<undefined>,<undefined>,2021-10-16,196.25,273.54,339.61
country/region,Italy,Italia,<undefined>,<undefined>,2021-10-17,181.4,206.82,297.43
country/region,Italy,Italia,<undefined>,<undefined>,2021-10-18,146.97,175.45,280
country/region,Italy,Italia,<undefined>,<undefined>,2021-10-19,150,176.21,285.4
country/region,Italy,Italia,<undefined>,<undefined>,2021-10-20,152.88,177.25,289.56
country/region,Italy,Italia,<undefined>,<undefined>,2021-10-21,154.08,177.98,286.38
country/region,Italy,Italia,<undefined>,<undefined>,2021-10-22,174.55,214.75,323.05
country/region,Italy,Italia,<undefined>,<undefined>,2021-10-23,191.09,267.09,335.62
country/region,Italy,Italia,<undefined>,<undefined>,2021-10-24,170.92,201.92,302.39
country/region,Italy,Italia,<undefined>,<undefined>,2021-10-25,145.73,171.65,283.86
country/region,Italy,Italia,<undefined>,<undefined>,2021-10-26,148.03,171.15,280.54
country/region,Italy,Italia,<undefined>,<undefined>,2021-10-27,151.52,175.16,282.02
country/region,Italy,Italia,<undefined>,<undefined>,2021-10-28,154.96,177.96,286.36
country/region,Italy,Italia,<undefined>,<undefined>,2021-10-29,185.63,209.07,312.69
country/region,Italy,Italia,<undefined>,<undefined>,2021-10-30,197.95,288.13,338.78
country/region,Italy,Italia,<undefined>,<undefined>,2021-10-31,197.21,303.14,357.15
country/region,Italy,Italia,<undefined>,<undefined>,2021-11-01,157.49,165.95,261.52
country/region,Italy,Italia,<undefined>,<undefined>,2021-11-02,145.28,172.48,279.76
country/region,Italy,Italia,<undefined>,<undefined>,2021-11-03,141.42,147.75,267.78
country/region,Italy,Italia,<undefined>,<undefined>,2021-11-04,144.57,167.28,278.06
country/region,Italy,Italia,<undefined>,<undefined>,2021-11-05,157.62,192.42,296.42
country/region,Italy,Italia,<undefined>,<undefined>,2021-11-06,167.3,229.22,311.61
country/region,Italy,Italia,<undefined>,<undefined>,2021-11-07,146.57,172.51,275.56
country/region,Italy,Italia,<undefined>,<undefined>,2021-11-08,128.91,135.37,256.9
country/region,Italy,Italia,<undefined>,<undefined>,2021-11-09,131.77,142.45,252.81
country/region,Italy,Italia,<undefined>,<undefined>,2021-11-10,140.19,151,266.47
country/region,Italy,Italia,<undefined>,<undefined>,2021-11-11,145.95,166.28,281.7
country/region,Italy,Italia,<undefined>,<undefined>,2021-11-12,160.16,206.05,316.05
country/region,Italy,Italia,<undefined>,<undefined>,2021-11-13,175.11,251.7,334.09
country/region,Italy,Italia,<undefined>,<undefined>,2021-11-14,140.96,146.78,265.77
country/region,Italy,Italia,<undefined>,<undefined>,2021-11-15,132.28,136.35,258.49
country/region,Italy,Italia,<undefined>,<undefined>,2021-11-16,134.43,136.16,254.28
country/region,Italy,Italia,<undefined>,<undefined>,2021-11-17,137.34,143.95,255.73
country/region,Italy,Italia,<undefined>,<undefined>,2021-11-18,141.31,155.29,267.09
country/region,Italy,Italia,<undefined>,<undefined>,2021-11-19,158.72,193.92,300.23
country/region,Italy,Italia,<undefined>,<undefined>,2021-11-20,176.71,254.98,332.46
country/region,Italy,Italia,<undefined>,<undefined>,2021-11-21,147.09,173.89,277.1
country/region,Italy,Italia,<undefined>,<undefined>,2021-11-22,127.28,131.53,249.68
country/region,Italy,Italia,<undefined>,<undefined>,2021-11-23,131.33,139.82,249.96
country/region,Italy,Italia,<undefined>,<undefined>,2021-11-24,138.66,150.79,264.65
country/region,Italy,Italia,<undefined>,<undefined>,2021-11-25,137.89,137.67,259.39
country/region,Italy,Italia,<undefined>,<undefined>,2021-11-26,156.46,182.34,301.46
country/region,Italy,Italia,<undefined>,<undefined>,2021-11-27,165.34,227.9,319.54
country/region,Italy,Italia,<undefined>,<undefined>,2021-11-28,136.1,151.93,262.6
country/region,Italy,Italia,<undefined>,<undefined>,2021-11-29,123.18,122.32,230.07
country/region,Italy,Italia,<undefined>,<undefined>,2021-11-30,130.56,129.28,237.77
country/region,Italy,Italia,<undefined>,<undefined>,2021-12-01,131.98,127.66,237.61
country/region,Italy,Italia,<undefined>,<undefined>,2021-12-02,129.09,123.57,230.33
country/region,Italy,Italia,<undefined>,<undefined>,2021-12-03,155.19,165.78,266.7
country/region,Italy,Italia,<undefined>,<undefined>,2021-12-04,162.47,211.6,284.95
country/region,Italy,Italia,<undefined>,<undefined>,2021-12-05,137.58,167.28,247.03
country/region,Italy,Italia,<undefined>,<undefined>,2021-12-06,131.39,144.9,233.66
country/region,Italy,Italia,<undefined>,<undefined>,2021-12-07,147.33,159.1,244.2
country/region,Italy,Italia,<undefined>,<undefined>,2021-12-08,115.55,110.72,210.03
country/region,Italy,Italia,<undefined>,<undefined>,2021-12-09,131.97,125.69,226.48
country/region,Italy,Italia,<undefined>,<undefined>,2021-12-10,146.48,143.96,245.31
country/region,Italy,Italia,<undefined>,<undefined>,2021-12-11,155.08,196.42,265.85
country/region,Italy,Italia,<undefined>,<undefined>,2021-12-12,140.71,152.01,235.58
country/region,Italy,Italia,<undefined>,<undefined>,2021-12-13,132.61,126.19,225.5
country/region,Italy,Italia,<undefined>,<undefined>,2021-12-14,137.86,131.22,233.98
country/region,Italy,Italia,<undefined>,<undefined>,2021-12-15,146.51,138.44,236.24
country/region,Italy,Italia,<undefined>,<undefined>,2021-12-16,153.29,145.52,238.93
country/region,Italy,Italia,<undefined>,<undefined>,2021-12-17,163.4,159.91,250.4
country/region,Italy,Italia,<undefined>,<undefined>,2021-12-18,165.15,195.15,256.76
country/region,Italy,Italia,<undefined>,<undefined>,2021-12-19,141.7,152.71,228.96
country/region,Italy,Italia,<undefined>,<undefined>,2021-12-20,142.44,135.27,219.41
country/region,Italy,Italia,<undefined>,<undefined>,2021-12-21,146.77,137.27,211.05
country/region,Italy,Italia,<undefined>,<undefined>,2021-12-22,157.26,136.91,206.03
country/region,Italy,Italia,<undefined>,<undefined>,2021-12-23,161.56,128.29,177.11
country/region,Italy,Italia,<undefined>,<undefined>,2021-12-24,96.83,85.72,112.03
country/region,Italy,Italia,<undefined>,<undefined>,2021-12-25,70.27,57.71,96.34
country/region,Italy,Italia,<undefined>,<undefined>,2021-12-26,105.2,92.55,139.55
country/region,Italy,Italia,<undefined>,<undefined>,2021-12-27,128.46,136.74,176.47
country/region,Italy,Italia,<undefined>,<undefined>,2021-12-28,131.91,156.46,187.62
country/region,Italy,Italia,<undefined>,<undefined>,2021-12-29,134.44,160.7,189.78
country/region,Italy,Italia,<undefined>,<undefined>,2021-12-30,139.02,172.13,191.89
country/region,Italy,Italia,<undefined>,<undefined>,2021-12-31,132.64,191.63,186.79
